Feature,Importance
Malicious_Prob,0.4874306429207263
Avg_Delay,0.06084732269117758
PDR,0.060535038465897625
Packet_Loss,0.05974110316953469
Energy_Consumed,0.05872014248021699
Anomaly_Score,0.05772899678069932
Trust_Indirect,0.0560572652066066
Trust_Direct,0.05578413791251026
Trust_Overall,0.05283214788059828
Throughput_kbps,0.050323202492032315
